{
	"textures": {
		"0": "cittofirmgenerated:item/divan_helmet_model"
	},
	"elements": [
		{
			"from": [4, -4, 4],
			"to": [12, 4, 12],
			"rotation": {"angle": 0, "axis": "y", "origin": [4, 1, 4]},
			"faces": {
				"north": {"uv": [4, 6.75, 6, 8.75], "texture": "#0"},
				"east": {"uv": [6, 6.75, 8, 8.75], "texture": "#0"},
				"south": {"uv": [8, 4, 10, 6], "texture": "#0"},
				"west": {"uv": [2, 7.5, 4, 9.5], "texture": "#0"},
				"up": {"uv": [2, 9.5, 0, 7.5], "texture": "#0"},
				"down": {"uv": [10, 6, 8, 8], "texture": "#0"}
			}
		},
		{
			"from": [3.75, -4.25, 3.75],
			"to": [12.25, 4.25, 12.25],
			"rotation": {"angle": 0, "axis": "y", "origin": [4, 1, 4]},
			"faces": {
				"north": {"uv": [4, 0, 6.25, 2.25], "texture": "#0"},
				"east": {"uv": [4, 4.5, 6, 6.75], "texture": "#0"},
				"south": {"uv": [4, 2.25, 6.25, 4.5], "texture": "#0"},
				"west": {"uv": [6, 4.5, 8, 6.75], "texture": "#0"},
				"up": {"uv": [8.5, 2, 6.25, 0], "texture": "#0"},
				"down": {"uv": [8.5, 2, 6.25, 4], "texture": "#0"}
			}
		},
		{
			"from": [9, -4, 7.5],
			"to": [16, 10, 7.505],
			"rotation": {"angle": -22.5, "axis": "y", "origin": [9.25, 11, 6.5]},
			"faces": {
				"north": {"uv": [0, 0, 2, 3.75], "texture": "#0"},
				"east": {"uv": [0, 0, 0, 15], "texture": "#0"},
				"south": {"uv": [0, 3.75, 2, 7.5], "texture": "#0"},
				"west": {"uv": [0, 0, 0, 15], "texture": "#0"},
				"up": {"uv": [8, 0, 0, 0], "texture": "#0"},
				"down": {"uv": [8, 0, 0, 0], "texture": "#0"}
			}
		},
		{
			"from": [0.5, -4, 9.5],
			"to": [7.5, 10, 9.505],
			"rotation": {"angle": 22.5, "axis": "y", "origin": [2, 11, 9]},
			"faces": {
				"north": {"uv": [2, 0, 4, 3.75], "texture": "#0"},
				"east": {"uv": [0, 0, 0, 15], "texture": "#0"},
				"south": {"uv": [2, 3.75, 4, 7.5], "texture": "#0"},
				"west": {"uv": [0, 0, 0, 15], "texture": "#0"},
				"up": {"uv": [8, 0, 0, 0], "texture": "#0"},
				"down": {"uv": [8, 0, 0, 0], "texture": "#0"}
			}
		}
  ],
  "display": {
		"head": {
			"scale": [2, 2, 2],
      "translation": [0, 16, 0]
    }
  }
}