{
  "textures": {
    "0": "cittofirmgenerated:item/melon_helmet"
  },
  "elements": [
    {
      "from": [
        0,
        0,
        0
      ],
      "to": [
        16,
        16,
        16
      ],
      "faces": {
        "north": {
          "uv": [
            2,
            2,
            4,
            4
          ],
          "texture": "#0"
        },
        "east": {
          "uv": [
            0,
            2,
            2,
            4
          ],
          "texture": "#0"
        },
        "south": {
          "uv": [
            6,
            2,
            8,
            4
          ],
          "texture": "#0"
        },
        "west": {
          "uv": [
            4,
            2,
            6,
            4
          ],
          "texture": "#0"
        },
        "up": {
          "uv": [
            4,
            2,
            2,
            0
          ],
          "texture": "#0"
        },
        "down": {
          "uv": [
            6,
            0,
            4,
            2
          ],
          "texture": "#0"
        }
      }
    },
    {
      "from": [
        -0.5,
        -0.5,
        -0.5
      ],
      "to": [
        16.5,
        16.5,
        16.5
      ],
      "faces": {
        "north": {
          "uv": [
            10,
            2,
            12,
            4
          ],
          "texture": "#0"
        },
        "east": {
          "uv": [
            8,
            2,
            10,
            4
          ],
          "texture": "#0"
        },
        "south": {
          "uv": [
            14,
            2,
            16,
            4
          ],
          "texture": "#0"
        },
        "west": {
          "uv": [
            12,
            2,
            14,
            4
          ],
          "texture": "#0"
        },
        "up": {
          "uv": [
            12,
            2,
            10,
            0
          ],
          "texture": "#0"
        },
        "down": {
          "uv": [
            14,
            0,
            12,
            2
          ],
          "texture": "#0"
        }
      }
    }
  ],
  "gui_light": "front",
  "display": {
    "thirdperson_righthand": {
      "rotation": [
        0,
        45.0,
        -160.0
      ],
      "translation": [
        0,
        1,
        -2.5
      ],
      "scale": [
        0.38,
        0.38,
        0.38
      ]
    },
    "thirdperson_lefthand": {
      "rotation": [
        0,
        -45.0,
        160.0
      ],
      "translation": [
        0,
        1,
        -2.5
      ],
      "scale": [
        0.38,
        0.38,
        0.38
      ]
    },
    "firstperson_righthand": {
      "rotation": [
        0,
        -135.0,
        0.0
      ],
      "scale": [
        0.22,
        0.22,
        0.22
      ]
    },
    "firstperson_lefthand": {
      "rotation": [
        0,
        135.0,
        -0.0
      ],
      "scale": [
        0.22,
        0.22,
        0.22
      ]
    },
    "gui": {
      "rotation": [
        30,
        -135,
        0
      ],
      "scale": [
        0.5,
        0.5,
        0.5
      ]
    },
    "ground": {
      "rotation": [
        0,
        0,
        0
      ],
      "scale": [
        0.25,
        0.25,
        0.25
      ]
    },
    "fixed": {
      "rotation": [
        0,
        0,
        0
      ],
      "scale": [
        0.75,
        0.75,
        0.75
      ]
    }
  }
}