{
	"textures": {
    "0": "cittofirmgenerated:item/necron_helmet_model"
	},
	"elements": [
		{
			"from": [4, -4.75, 4],
			"to": [12, 3.25, 12],
			"rotation": {"angle": 0, "axis": "y", "origin": [4, -4.75, 4]},
			"faces": {
				"north": {"uv": [2, 2, 4, 4], "texture": "#0"},
				"east": {"uv": [6, 2, 4, 4], "texture": "#0"},
				"south": {"uv": [6, 2, 8, 4], "texture": "#0"},
				"west": {"uv": [2, 2, 0, 4], "texture": "#0"},
				"up": {"uv": [2, 2, 4, 0], "texture": "#0"},
				"down": {"uv": [0, 0, 2, 2], "texture": "#0"}
			}
		},
		{
			"from": [12, -0.5, 7],
			"to": [14.25, 4, 7.005],
			"rotation": {"angle": 0, "axis": "y", "origin": [6.25, -9, 7]},
			"faces": {
				"north": {"uv": [0.25, 5, 1, 6.5], "texture": "#0"},
				"east": {"uv": [0, 0, 2, 2], "texture": "#0"},
				"south": {"uv": [1, 5, 0.25, 6.5], "texture": "#0"},
				"west": {"uv": [0, 0, 2, 2], "texture": "#0"},
				"up": {"uv": [0, 0, 2, 2], "texture": "#0"},
				"down": {"uv": [0, 0, 2, 2], "texture": "#0"}
			}
		},
		{
			"from": [1.75, -0.5, 7],
			"to": [4, 4, 7.005],
			"rotation": {"angle": 0, "axis": "y", "origin": [-5.75, -9, 7]},
			"faces": {
				"north": {"uv": [3, 5, 3.75, 6.5], "texture": "#0"},
				"east": {"uv": [0, 0, 2, 2], "texture": "#0"},
				"south": {"uv": [3.75, 5, 3, 6.5], "texture": "#0"},
				"west": {"uv": [0, 0, 2, 2], "texture": "#0"},
				"up": {"uv": [0, 0, 2, 2], "texture": "#0"},
				"down": {"uv": [0, 0, 2, 2], "texture": "#0"}
			}
		}
	],
	"groups": [
		{
			"name": "group",
			"origin": [8, 8, 8],
			"color": 0,
			"children": [0, 1, 2, 3]
		}
	],
	"display": {
		  "head": {
			  "scale": [2, 2, 2],
		"translation": [0, 17, 0]
		}
	}
}