{
  "parent": "builtin/generated",
  "display": {
    "thirdperson_righthand": {
      "rotation": [
        180,
        -270.0,
        45.0
      ],
      "translation": [
        0,
        -6.5,
        1.2
      ],
      "scale": [
        0.7,
        0.7,
        0.7
      ]
    },
    "thirdperson_lefthand": {
      "rotation": [
        180,
        270.0,
        -45.0
      ],
      "translation": [
        0,
        -6.5,
        1.2
      ],
      "scale": [
        0.7,
        0.7,
        0.7
      ]
    },
    "firstperson_righthand": {
      "rotation": [
        0,
        -90.0,
        25
      ],
      "translation": [
        0,
        4,
        2
      ],
      "scale": [
        0.6,
        0.6,
        0.6
      ]
    },
    "firstperson_lefthand": {
      "rotation": [
        0,
        90.0,
        -25.0
      ],
      "translation": [
        0,
        4,
        2
      ],
      "scale": [
        0.6,
        0.6,
        0.6
      ]
    }
  }
}