{
  "parent": "builtin/generated",
  "display": {
    "thirdperson_righthand": {
      "rotation": [
        0,
        90,
        -90
      ],
      "translation": [
        0,
        1.3,
        -0.5
      ],
      "scale": [
        0.85,
        0.85,
        0.85
      ]
    },
    "thirdperson_lefthand": {
      "rotation": [
        0,
        90,
        90
      ],
      "translation": [
        0,
        1.3,
        -0.5
      ],
      "scale": [
        0.85,
        0.85,
        0.85
      ]
    },
    "firstperson_righthand": {
      "rotation": [
        0,
        -90.0,
        -10.0
      ],
      "translation": [
        0,
        4,
        2
      ],
      "scale": [
        0.6,
        0.6,
        0.6
      ]
    },
    "firstperson_lefthand": {
      "rotation": [
        0,
        90.0,
        10.0
      ],
      "translation": [
        0,
        4,
        2
      ],
      "scale": [
        0.6,
        0.6,
        0.6
      ]
    }
  }
}