{
  "parent": "builtin/generated",
  "display": {
    "thirdperson_righthand": {
      "rotation": [
        60,
        30,
        -15
      ],
      "translation": [
        1.25,
        6,
        6.5
      ],
      "scale": [
        1,
        1,
        1
      ]
    },
    "thirdperson_lefthand": {
      "rotation": [
        60,
        -145.0,
        15
      ],
      "translation": [
        1.25,
        6,
        6.5
      ],
      "scale": [
        1,
        1,
        1
      ]
    },
    "firstperson_righthand": {
      "rotation": [
        0,
        -90.0,
        25.0
      ],
      "translation": [
        0,
        4,
        2
      ],
      "scale": [
        0.65,
        0.65,
        0.65
      ]
    },
    "firstperson_lefthand": {
      "rotation": [
        0,
        90.0,
        -25.0
      ],
      "translation": [
        0,
        4,
        2
      ],
      "scale": [
        0.65,
        0.65,
        0.65
      ]
    }
  }
}